195638-bFZ-6528-1534432627.9622836|55c3a5b841d525ddb2510607222c112256b179620cd2581548db38af3d4232b3|8463|plKhXtenKtMuWrdQGuMnASQBNaBNtdkkMxhDehOLxjaFNqA
190737-pAW-6796-1534432627.9624257|0b9870ec37f5605ad468494183a429d1ccc5778af0e78789aad0ba61c37f8ce5|1466|db
141955-eaA-4806-1534432627.9624736|924c41d24d1cfd4c897e65435554beaa5093a806520aefe2211969bd2535d612|854|plzfhddwrNKHdaXIIWfEvteKtnHqGEErl
110950-xvW-9235-1534432627.9625413|e46d5c0bbb03c13faad1ca0f40457568e7c4e6518f653aa135ae90874bf8e85c|1|pBvuEnSnZqZYijxQCj
126184-UOp-8603-1534432627.9625943|59302b5e9b53f70f868551cc3a29c9bde15b233853ffc4b43f1c2665208d07d7|469|qqpHkDTzajnQQrKSFrDxicAeuDUjwWhZDpIXljVohqq
104802-jkn-8220-1534432627.9626675|f626fe227debea21cb3e0f080a7fe23200ad225cb011d4b5881a031f05d4d8c0|5175|dbUPkaYBFdRLSCYUPvgHKqfc
193021-sLv-9153-1534432627.9627225|db0b4aa7b1a3194271768aef22c90c5e1ced076d2d4deb4e92327f93f15b32aa|8092|qGUCiGXyqKLdcvLmo
105901-AJL-2313-1534432627.9627712|bf2faa5b7fdb02f89102e927c767544d3ac5c005b0dde3fc4d456a57f087934e|7209|xrSdypMkZAfKjpwmtcrCbPMduMnlGZd
106539-mud-5633-1534432627.962834|8ea3b302aea610b8417e23d3d6a2d1e393abd638c16e865b4311c19f799818b7|6088|ThCUEsYpEcIqLzcTIzXsNvFDsjZxmEzpByqjBOTsHC
128706-OBP-9502-1534432627.9629056|a9b55d8da6df4ee07eb57ba5a57e45f714426cb29200e1029c2ef682357660b0|6325|yjdjoNpMXbkhamxKJmZLusDEcJDgYoyuSOwjTnMxEr
146237-BtF-2131-1534432627.962978|3fac58544784ae1949aaeeac235da6c9e31e5820c89a2842ae1c113435d5057b|4303|PugROufrPMUTGclMOpto
199587-Vjp-9802-1534432627.9630284|287388ad8c5b58d6f233156128489094a2e628ae886c88a395f1ee729ed70081|8449|vDXnNrCpwWgW
143917-YnM-9007-1534432627.9630902|bbc6d6e502e89978564dd5995fbe5c7224f09a58006e924dc79cc344f5c19bb3|1978|sGmOCNmnBaqHdOewkKDEkQzMCr
113667-sSB-4943-1534432627.9631584|e2c4b837d7ab0c36eaed52ba22242326b20e60220ad9607d34cdd1af88119d9b|3947|glxXDMVzpaDTWFUwiPrLqXcGZR
121221-eKQ-120-1534432627.9632215|a056d32371042d264561a2e0f1a316248211c6a6376c307af93938446392f629|9514|okrsBDXwsySQVKpjiKUlkcPeXtFSIDfimyctxPqUUyi
195046-iFb-3050-1534432627.9632928|b52cbfb6903d4a61f56b2ffdea06ec4d25afa763b2a786a3c5c732e80482a9bd|4870|YESipLtwVxKxPWpuY
113122-gWa-1332-1534432627.963341|9057cea2a137f57c1abf5e55c451be6921c0e419d7142ae632b1c44c3c37a3b9|5043|
116493-vao-8163-1534432627.963375|c900a9100bc7beb1b04e52b3ba7419b6985d6605598a2834fafd0472cc33857c|9531|IHJFXPTFwLFNhtrOMTeziucPnuZnf
183774-vJo-6321-1534432627.9634345|63fff7ac4ccd7ebd19a94b6719e8931045aeaa8224ec9e6936d021b59989586f|8525|ONilRclREYtrgdHzjIAorjyDpcuFfGoMmYD
122030-SfY-2122-1534432627.9634976|d858e4c48394a2e7418173e3f36ddb6fb92a64608627c00457d31fff4aaed2f9|5971|OoinLIWMyJmF
143475-pkx-185-1534432627.9635408|a50bddc6ce89e6f94302ab04ee55c97161d7c6e1976134667f5367aff14a8439|7027|COmWvETTAmnDKTcMffUHnkVbGmcmrWaROpD
156715-rQE-4252-1534432627.963605|782fd7757e602bc325604403b0f5b9bec327f324d646d02d23688047e9725f7c|7409|wIgxXauRpvEwfOJLDkWUwEjzA
163327-MyF-8605-1534432627.9636605|c162857e7966ce51516e697251561bc6c28cfc1120f93848b07c4ef9476761e2|8521|GiEPzjGLyxrOlVrMadVaBwaYTRtbPTDoDeaEscGhde
109099-pNu-4188-1534432627.9637322|23b557f72d4e0d37702c41d533b9a8126aeaa6b495ea2c4126bbaddcb2177558|738|NZlbdWsISziFZdJPcoNxmYOdgCGtmOqk
139689-yXj-655-1534432627.963798|12bf5950103f1bc95bced82a50f3c37cb5f31dd80173f11a2a23318fc8847ed1|5676|SWsrKhZlNXaByHpFghwpAPEWpeIpQxqxR
162531-Nbw-2608-1534432627.9638603|70169ce5f8176c08d524164ac2c44960432a90fe2217423d7802903ff9680256|8510|qebCYzGuMnLhrwhDIOJbJVKz
125625-okk-1894-1534432627.9639134|3d9d9806e32b2b1073125bb80740416795602d046b049b8bc4979b2d5e390622|7136|KcEYZefcmpGRxVIoyEwnKrLLgUhGYC
107685-pJp-9980-1534432627.963972|0fbbab41170ff208e30f6628edce12ac194242a21ea24d1495e176efcdc57e8a|5774|FeKMtPLZlnyKABkqThpLS
128265-UbZ-6314-1534432627.9640296|011c90ced6b831aeb353c2c7a03d6d16bf21d4cf58be2de8eb6ccdd147735319|1699|fRHkGQCtkLppYFdSsBHNSyJkDbmemqQQIxg
191991-TMn-2136-1534432627.964094|98c0c68b01fa6e56af405d153ab866993e446afb0e82b1d10df8c5957b82abb4|6126|RhGNctgnqBijBZ
188293-fzo-9768-1534432627.9641867|dd32bdcce261dc28484fa435cbe44426e901ccb4b16e62df558fe3b5f79c00ce|4531|uIUysIWCZAVAheEtICpSfllfgScWOYHoxksCvsSn
116885-kVW-6067-1534432627.96426|80cde8f214e023585f3270bcc13d671c591892d63d612d3970e97af34bd77074|3875|GSoNrsExiGUHbpIbNAphepkxaLxGFVOsqtxwSEiyJqvSQq
191950-tHe-6545-1534432627.964335|e5626aeba40fd008157a1bcc642c7fdefd353882fda6a668859133f824452a97|9528|J
113749-Snt-9390-1534432627.9643726|73263a10f4cdef67aebb18349e8334d6af2be411507c5c77b660e245dd371376|1981|WnBojlUfWPxAQKAhIbYxVw
190014-JHi-2189-1534432627.9644256|5e7295773f22760427c480344e123e5a90ec3763f93b49e0f678f16e73ec1e82|989|ESBJDQlGOIsIDYXYQvppmKugultmWM
178587-Pav-8735-1534432627.96449|f7c266e425203212e9ef1f9583a2fd6abf5936a0377919c8e85afa0dc797c6aa|7358|FaCHiJbtqUyDvdZrZSVPvIztTtc
164536-MKB-6011-1534432627.9645488|6a58aeba76199fba460d025f122a9e12d83e0e4bbadfb80b39bbdb6d97296ff2|3022|kEleSfcJJBmGrxOMHzTKabOUJzGrxIWL
128431-trT-8982-1534432627.9646106|a8398c0001b758cd48b3f125435b98da2e217eeb4a60edff845b3cdec1af66be|224|izpaLMBsfojnrvvJdb
103981-XWo-9670-1534432627.964663|44d5325a1d18da79f2e6454cce02b42044eb0f0197041a83b4d983693b78565a|5662|yvrypuVsXyhWGWaHdawNbCxBioHPOQKeVQ
118615-iJS-2700-1534432627.9647262|42aa9c7c47ed3d343b79891ffd12b929222a8fed4899b4ce5d8cd6c36ca80f2e|2163|funcVULBmpndigXlqWXUzYEvOhBnJuoElhNDexPGbFCGz
195914-Mte-3643-1534432627.964799|8bc79a55e0125c69aec129774e50e8d7173713061afe572d5da5c21f7a8cf18d|1964|As
112211-yAG-8817-1534432627.9648335|e70b860047cc1a6d620e4a53a1aee5b857388a242dac2f73ee8be165aa1f519a|1246|zLonOmlwCCUUKukBGRsE
158970-cqU-7349-1534432627.9648824|6ed9bb5851948102be6c405b5c971c362f50d3bce909cd86c7d984ec2e953b1f|1482|BIUBoOeujy
117938-Fhf-899-1534432627.964924|7aa61e4a9983d95ade7add63018d7ce6e48d87b2770599f5ff5829b562caea02|2667|EeEatoedbzhxIYCTVKaWbxHAXfAdk
170684-sAG-9747-1534432627.9649816|cf56692c009b5231b707a656c97577fe996753de4e654db4d304a340583f6ab2|1706|kAznVlEGPhiRrts
197530-yhL-6050-1534432627.9650304|a46b30319a497afae86d4b5840a77453e6e9285429d42753fc8115ec253233ef|1137|kkpKfmVYc
126835-GKK-7720-1534432627.9651027|5a48328a1e27687c8f90b8c5e10a08f9e001292e5c3025502d3abd7213d4e99b|1846|YyRLc
192078-Nva-4994-1534432627.9651432|a61a0e5a9f5fe1e622c9df909335a0155eced1a7d65c31fea299f7e19c8faea3|3608|NzNpdbiYvwhpUkuTOLpMVCkMJr
174519-Myd-3015-1534432627.9651988|fd3dab0e45672c93184cebf52389ac7ed3da8e020609508e186d5f2c8ad8bf78|1421|KoiVHsROZTfteTUWsXHkZRGIoIZljZHLfLcSxlZvCWvMpfx
110007-NeB-2228-1534432627.9652753|e630b65ae31ea278ba5b848eeddd29ca3e4b7cfa517cfa9c7b72bb4f09c25a4d|8397|WazEoRh
